Community	Concentration	Kingdom	Phylum	Class	Order	Family	Genus	Species	mean_rel_counts_AUC	sd_rel_counts_AUCs	mean_rel_counts	sd_rel_counts	mean_counts
C1	Zn	Bacteria	Bacteroidota	Bacteroidia	Bacteroidales	Bacteroidaceae	Bacteroides	Bacteroides fragilis	0.006598306840094979	0.007728786749806358	0.005790407023069577	0.007172360405386936	2940
C1	Zn	Bacteria	Bacteroidota	Bacteroidia	Bacteroidales	Bacteroidaceae	Bacteroides	Bacteroides thetaiotaomicron	0.005597083511814305	0.00519693697380613	0.004574697549610527	0.004917142729785146	2435
C1	Zn	Bacteria	Firmicutes	Bacilli	Erysipelotrichales	Erysipelatoclostridiaceae	Erysipelatoclostridium	Erysipelatoclostridium ramosum	1.1592525999044048	0.3015336835192839	0.865361110362366	0.04808283588904461	511301
C1	Zn	Bacteria	Firmicutes	Bacilli	Lactobacillales	Enterococcaceae	Enterococcus_B	Enterococcus faecalis	8.390520720766457e-4	1.8214379135384948e-4	6.299583199356475e-4	3.106794257261694e-5	371
C1	Zn	Bacteria	Firmicutes	Bacilli	Lactobacillales	Lactobacillaceae	Limosilactobacillus	Lactobacillus fermentum	0.002748016398705774	0.0012091297717925216	0.0021816758359672543	0.0011027256225407073	1242
C1	Zn	Bacteria	Firmicutes	Bacilli	Lactobacillales	Streptococcaceae	Streptococcus	Streptococcus salivarius	0.06271760637750073	0.04271779701413031	0.051556639841473094	0.03660429112597162	28591.666666666668
C1	Zn	Bacteria	Firmicutes_A	Clostridia	Clostridiales	Clostridiaceae	Clostridium_P	Clostridium perfringens	0.018916121574280208	0.010971916046064296	0.014280336435560793	0.008655191719002824	8532
C1	Zn	Bacteria	Firmicutes_A	Clostridia	Lachnospirales	Lachnospiraceae	Bariatricus	Coprococcus comes	0.021080379143324102	0.01830606574240786	0.015319296675626657	0.01203473605123946	9017
C1	Zn	Bacteria	Firmicutes_A	Clostridia	Lachnospirales	Lachnospiraceae	Dorea	Dorea formicigenerans	0.04109024959351119	0.013029003852129217	0.03219702868021025	0.014616545302394538	18085
C1	Zn	Bacteria	Firmicutes_A	Clostridia	Lachnospirales	Lachnospiraceae	Enterocloster	Enterocloster bolteae	0.004239758521492576	0.0020208307417832346	0.0032631364978430734	0.0017597585354697629	1848.3333333333333
C1	Zn	Bacteria	Firmicutes_A	Clostridia	Lachnospirales	Lachnospiraceae	Ruminococcus_B	Meditirraneibacter gnavus	0.00758919921897494	0.004962171051830536	0.0056100649276218	0.0032539630621262338	3276.3333333333335
C1	Zn	Bacteria	Proteobacteria	Gammaproteobacteria	Enterobacterales	Enterobacteriaceae	Escherichia	Escherichia coli	0.0018882261132774035	4.1140421223334514e-4	0.0014173236866826477	3.143814388416857e-5	834
C1	0	Bacteria	Bacteroidota	Bacteroidia	Bacteroidales	Bacteroidaceae	Bacteroides	Bacteroides fragilis	0.0069449586658619335	0.007643611378466315	0.0069449586658619335	0.007617346729064772	3565.6666666666665
C1	0	Bacteria	Bacteroidota	Bacteroidia	Bacteroidales	Bacteroidaceae	Bacteroides	Bacteroides thetaiotaomicron	0.0058306672849757655	0.006511220931437492	0.0058306672849757655	0.006487374395427669	3019
C1	0	Bacteria	Firmicutes	Bacilli	Erysipelotrichales	Erysipelatoclostridiaceae	Erysipelatoclostridium	Erysipelatoclostridium ramosum	0.7003016595078511	0.17811966705930127	0.7003016595078511	0.1790074992727126	373577.3333333333
C1	0	Bacteria	Firmicutes	Bacilli	Lactobacillales	Enterococcaceae	Enterococcus_B	Enterococcus faecalis	6.61745001366673e-4	8.335180353977876e-5	6.61745001366673e-4	8.174069469849125e-5	351
C1	0	Bacteria	Firmicutes	Bacilli	Lactobacillales	Lactobacillaceae	Limosilactobacillus	Lactobacillus fermentum	0.0031956579003888626	0.002083271302176309	0.0031956579003888626	0.00207096237822258	1677
C1	0	Bacteria	Firmicutes	Bacilli	Lactobacillales	Streptococcaceae	Streptococcus	Streptococcus salivarius	0.23912425607653023	0.1683422590560967	0.23912425607653023	0.16729959722149115	126014.66666666667
C1	0	Bacteria	Firmicutes_A	Clostridia	Clostridiales	Clostridiaceae	Clostridium_P	Clostridium perfringens	0.014392461381066058	0.011470394315569753	0.014392461381066058	0.011423418494786884	7463.333333333333
C1	0	Bacteria	Firmicutes_A	Clostridia	Lachnospirales	Lachnospiraceae	Bariatricus	Coprococcus comes	0.008380705837203673	0.0059513591271257915	0.008380705837203673	0.0059492388886281675	4496.333333333333
C1	0	Bacteria	Firmicutes_A	Clostridia	Lachnospirales	Lachnospiraceae	Dorea	Dorea formicigenerans	0.013086850522300505	0.01227251899245327	0.013086850522300505	0.012200397057866056	6946.666666666667
C1	0	Bacteria	Firmicutes_A	Clostridia	Lachnospirales	Lachnospiraceae	Enterocloster	Enterocloster bolteae	0.0033255454219860074	0.001017964865267168	0.0033255454219860074	0.0010129141291476127	1751
C1	0	Bacteria	Firmicutes_A	Clostridia	Lachnospirales	Lachnospiraceae	Ruminococcus_B	Meditirraneibacter gnavus	0.00653246083963856	0.0037652696585121596	0.00653246083963856	0.003757823570610277	3458.3333333333335
C1	0	Bacteria	Proteobacteria	Gammaproteobacteria	Enterobacterales	Enterobacteriaceae	Escherichia	Escherichia coli	0.0014186894612195392	1.0912879600056313e-4	0.0014186894612195392	1.0591994059927726e-4	752.6666666666666
C1	24	Bacteria	Bacteroidota	Bacteroidia	Bacteroidales	Bacteroidaceae	Bacteroides	Bacteroides fragilis	0.010048249244882878	0.012806450684844218	0.008752641664648366	0.01042485801568167	4922
C1	24	Bacteria	Bacteroidota	Bacteroidia	Bacteroidales	Bacteroidaceae	Bacteroides	Bacteroides thetaiotaomicron	0.0053483372497640964	0.006809544987067342	0.004803487852975952	0.005468325122806006	2700.6666666666665
C1	24	Bacteria	Firmicutes	Bacilli	Erysipelotrichales	Erysipelatoclostridiaceae	Erysipelatoclostridium	Erysipelatoclostridium ramosum	0.9551345817791285	0.1609247552958013	0.9481488830856396	0.020435317124247437	555842.3333333334
C1	24	Bacteria	Firmicutes	Bacilli	Lactobacillales	Enterococcaceae	Enterococcus_B	Enterococcus faecalis	5.775840003356745e-4	8.148730530375495e-5	5.757530746463716e-4	4.2829283517833864e-5	338.3333333333333
C1	24	Bacteria	Firmicutes	Bacilli	Lactobacillales	Lactobacillaceae	Limosilactobacillus	Lactobacillus fermentum	0.0035756818261554143	0.002702874841993531	0.0032841464634734254	0.0021716603881696867	1897
C1	24	Bacteria	Firmicutes	Bacilli	Lactobacillales	Streptococcaceae	Streptococcus	Streptococcus salivarius	0.00880925594773762	0.013898734490879505	0.008712846305504875	0.013708574224038376	5283
C1	24	Bacteria	Firmicutes_A	Clostridia	Clostridiales	Clostridiaceae	Clostridium_P	Clostridium perfringens	0.009231474672253787	0.00896048157454432	0.008796451315795869	0.008853460442141881	5217.666666666667
C1	24	Bacteria	Firmicutes_A	Clostridia	Lachnospirales	Lachnospiraceae	Bariatricus	Coprococcus comes	0.006626575726843196	0.005923394909134455	0.007279598938269261	0.0076399027837293935	4299.333333333333
C1	24	Bacteria	Firmicutes_A	Clostridia	Lachnospirales	Lachnospiraceae	Dorea	Dorea formicigenerans	0.004187855599581229	0.0032611157628665366	0.004158386589483891	0.003187205699362045	2480
C1	24	Bacteria	Firmicutes_A	Clostridia	Lachnospirales	Lachnospiraceae	Enterocloster	Enterocloster bolteae	0.0030573961241907336	0.003487291748486837	0.0027062588824817435	0.0027891083040579748	1530.6666666666667
C1	24	Bacteria	Firmicutes_A	Clostridia	Lachnospirales	Lachnospiraceae	Ruminococcus_B	Meditirraneibacter gnavus	0.005007910550112874	0.0037003990429113113	0.004742620210091603	0.002728003699326252	2723.3333333333335
C1	24	Bacteria	Proteobacteria	Gammaproteobacteria	Enterobacterales	Enterobacteriaceae	Escherichia	Escherichia coli	0.0013381195449771194	2.672552863485154e-4	0.0013230720804623993	6.988587085015197e-5	776
C1	30	Bacteria	Bacteroidota	Bacteroidia	Bacteroidales	Bacteroidaceae	Bacteroides	Bacteroides fragilis	0.010220461012464842	0.012885045397448282	0.012853660808414389	0.012740939515420048	7599
C1	30	Bacteria	Bacteroidota	Bacteroidia	Bacteroidales	Bacteroidaceae	Bacteroides	Bacteroides thetaiotaomicron	0.0022973151834731857	0.0026408135730840248	0.002991909800833161	0.0024226112642857654	1443.3333333333333
C1	30	Bacteria	Firmicutes	Bacilli	Erysipelotrichales	Erysipelatoclostridiaceae	Erysipelatoclostridium	Erysipelatoclostridium ramosum	0.6043941591855494	0.22601656876824727	0.9588983384323635	0.03480700668771722	437063.3333333333
C1	30	Bacteria	Firmicutes	Bacilli	Lactobacillales	Enterococcaceae	Enterococcus_B	Enterococcus faecalis	3.9244503625657316e-4	1.0963087190801929e-4	6.365929779067734e-4	7.288209021403839e-5	285.6666666666667
C1	30	Bacteria	Firmicutes	Bacilli	Lactobacillales	Lactobacillaceae	Limosilactobacillus	Lactobacillus fermentum	0.008237152334714113	0.009632340186407755	0.010675678423293342	0.009573408299442913	6306.333333333333
C1	30	Bacteria	Firmicutes	Bacilli	Lactobacillales	Streptococcaceae	Streptococcus	Streptococcus salivarius	5.024267324996401e-4	1.9238548185195872e-4	7.956311356688922e-4	3.5044659017751826e-5	360.6666666666667
C1	30	Bacteria	Firmicutes_A	Clostridia	Clostridiales	Clostridiaceae	Clostridium_P	Clostridium perfringens	0.0035539702302005826	0.002902593327827162	0.005204683218662328	0.003518975893767517	3006.3333333333335
C1	30	Bacteria	Firmicutes_A	Clostridia	Lachnospirales	Lachnospiraceae	Bariatricus	Coprococcus comes	0.002833695177241489	0.0021599116427463644	0.004119417331134178	0.001719916949727533	1817.3333333333333
C1	30	Bacteria	Firmicutes_A	Clostridia	Lachnospirales	Lachnospiraceae	Dorea	Dorea formicigenerans	0.0018687209196750513	8.412009303489396e-4	0.0031953298296366448	0.0019148623346062672	1650
C1	30	Bacteria	Firmicutes_A	Clostridia	Lachnospirales	Lachnospiraceae	Enterocloster	Enterocloster bolteae	0.006027390159893802	0.0070232264748431306	0.007806017292574347	0.006820871222510777	4545.333333333333
C1	30	Bacteria	Firmicutes_A	Clostridia	Lachnospirales	Lachnospiraceae	Ruminococcus_B	Meditirraneibacter gnavus	0.0015760644458372441	0.001422873600651302	0.0021870173049692646	0.0010757019137658207	1104.3333333333333
C1	30	Bacteria	Proteobacteria	Gammaproteobacteria	Enterobacterales	Enterobacteriaceae	Escherichia	Escherichia coli	8.280017926402365e-4	3.153154145593821e-4	0.0013114018678365268	3.476132961629433e-5	602
C1	40	Bacteria	Bacteroidota	Bacteroidia	Bacteroidales	Bacteroidaceae	Bacteroides	Bacteroides fragilis	6.535954083785605e-4	7.355276373195028e-4	0.004246673580467078	0.0012802415791604673	1574.3333333333333
C1	40	Bacteria	Bacteroidota	Bacteroidia	Bacteroidales	Bacteroidaceae	Bacteroides	Bacteroides thetaiotaomicron	8.005648479325996e-4	6.879653102786868e-4	0.01318556805995525	0.018377252419856115	2127.6666666666665
C1	40	Bacteria	Firmicutes	Bacilli	Erysipelotrichales	Erysipelatoclostridiaceae	Erysipelatoclostridium	Erysipelatoclostridium ramosum	0.128615272045612	0.10463848728457935	0.9468426047225472	0.04665948921398827	370530.3333333333
C1	40	Bacteria	Firmicutes	Bacilli	Lactobacillales	Enterococcaceae	Enterococcus_B	Enterococcus faecalis	1.1321119621818609e-4	1.105161902659797e-4	7.594736718193526e-4	9.842784363461494e-5	303
C1	40	Bacteria	Firmicutes	Bacilli	Lactobacillales	Lactobacillaceae	Limosilactobacillus	Lactobacillus fermentum	0.019105246084361035	0.02424593975149153	0.10406638224533403	0.05784029574222966	45137.666666666664
C1	40	Bacteria	Firmicutes	Bacilli	Lactobacillales	Streptococcaceae	Streptococcus	Streptococcus salivarius	1.6931370096256554e-4	1.4533415193909903e-4	0.0012661631856047868	1.8232317160797858e-4	462
C1	40	Bacteria	Firmicutes_A	Clostridia	Clostridiales	Clostridiaceae	Clostridium_P	Clostridium perfringens	4.3711339333636916e-4	3.1618594042212176e-4	0.0037598016777403306	0.0016104448295408723	1196
C1	40	Bacteria	Firmicutes_A	Clostridia	Lachnospirales	Lachnospiraceae	Bariatricus	Coprococcus comes	0.0012552017869950332	0.0011602165425151532	0.010134454788799718	0.005054563902218264	3102.3333333333335
C1	40	Bacteria	Firmicutes_A	Clostridia	Lachnospirales	Lachnospiraceae	Dorea	Dorea formicigenerans	1.999952153200239e-4	1.252314485198127e-4	0.001690232581105729	4.47226150046736e-4	600.6666666666666
C1	40	Bacteria	Firmicutes_A	Clostridia	Lachnospirales	Lachnospiraceae	Enterocloster	Enterocloster bolteae	2.793480854822463e-4	1.8629370728742023e-4	0.0026258261508258704	0.0016273472844340463	752
C1	40	Bacteria	Firmicutes_A	Clostridia	Lachnospirales	Lachnospiraceae	Ruminococcus_B	Meditirraneibacter gnavus	0.001148356069020534	6.420975771161122e-4	0.013909248595348325	0.014392545143709037	3044.3333333333335
C1	40	Bacteria	Proteobacteria	Gammaproteobacteria	Enterobacterales	Enterobacteriaceae	Escherichia	Escherichia coli	2.233728611782307e-4	1.9984285606818505e-4	0.0015799529857862993	5.6016649632060026e-5	617.3333333333334
C2	Zn	Bacteria	Bacteroidota	Bacteroidia	Bacteroidales	Bacteroidaceae	Bacteroides	Bacteroides fragilis	0.010712417200897623	0.014539594824633715	0.009241840158315726	0.012708484365457075	4310.666666666667
C2	Zn	Bacteria	Bacteroidota	Bacteroidia	Bacteroidales	Bacteroidaceae	Bacteroides	Bacteroides thetaiotaomicron	0.008408536304094341	0.009885043573556986	0.007178747031725966	0.008679007769180874	2887.6666666666665
C2	Zn	Bacteria	Firmicutes	Bacilli	Erysipelotrichales	Erysipelatoclostridiaceae	Erysipelatoclostridium	Erysipelatoclostridium ramosum	1.0019834249429018	0.12589238166309502	0.823703880261063	0.06810648314384665	288764.6666666667
C2	Zn	Bacteria	Firmicutes	Bacilli	Lactobacillales	Enterococcaceae	Enterococcus_B	Enterococcus faecalis	7.969839725704291e-4	1.023794675305014e-4	6.573861268603954e-4	8.372821260070014e-5	243.66666666666666
C2	Zn	Bacteria	Firmicutes	Bacilli	Lactobacillales	Lactobacillaceae	Limosilactobacillus	Lactobacillus fermentum	0.0022328545748935506	9.554406401517539e-4	0.0018698020684373435	8.87561553946235e-4	766
C2	Zn	Bacteria	Firmicutes	Bacilli	Lactobacillales	Streptococcaceae	Streptococcus	Streptococcus salivarius	0.06191795583906299	0.0380790963291185	0.051865519175612045	0.032503210381037914	23374.333333333332
C2	Zn	Bacteria	Firmicutes_A	Clostridia	Clostridiales	Clostridiaceae	Clostridium_P	Clostridium perfringens	0.009734527777269764	0.008269648310100467	0.007896572864757506	0.00670013883889645	2978.6666666666665
C2	Zn	Bacteria	Firmicutes_A	Clostridia	Lachnospirales	Lachnospiraceae	Bariatricus	Coprococcus comes	0.017276497694521244	0.019732238073608025	0.014749034744197947	0.017360465949760272	6028
C2	Zn	Bacteria	Firmicutes_A	Clostridia	Lachnospirales	Lachnospiraceae	Dorea	Dorea formicigenerans	0.020126683838390155	0.013962387438384087	0.01700445795325931	0.012567066909110077	7234
C2	Zn	Bacteria	Firmicutes_A	Clostridia	Lachnospirales	Lachnospiraceae	Enterocloster	Enterocloster bolteae	0.005071447414790576	0.005136493595155291	0.004327192750033049	0.004541771382705024	1903.3333333333333
C2	Zn	Bacteria	Firmicutes_A	Clostridia	Lachnospirales	Lachnospiraceae	Ruminococcus_B	Meditirraneibacter gnavus	8.588926097118547e-4	4.167980873761311e-4	6.98701000291956e-4	3.226200709563403e-4	236.33333333333334
C2	Zn	Bacteria	Proteobacteria	Gammaproteobacteria	Enterobacterales	Enterobacteriaceae	Escherichia	Escherichia coli	0.0766453826416825	0.05597623306876789	0.06267666793388307	0.04374291804310096	16181.666666666666
C2	0	Bacteria	Bacteroidota	Bacteroidia	Bacteroidales	Bacteroidaceae	Bacteroides	Bacteroides fragilis	0.009943808499116967	0.012851642995679176	0.009943808499116967	0.012827129176741876	4766.333333333333
C2	0	Bacteria	Bacteroidota	Bacteroidia	Bacteroidales	Bacteroidaceae	Bacteroides	Bacteroides thetaiotaomicron	0.00727280217450728	0.010058818713584142	0.00727280217450728	0.010038778032637138	3202.6666666666665
C2	0	Bacteria	Firmicutes	Bacilli	Erysipelotrichales	Erysipelatoclostridiaceae	Erysipelatoclostridium	Erysipelatoclostridium ramosum	0.6397181519058069	0.10075512875061274	0.6397181519058069	0.10108222600466589	230808.33333333334
C2	0	Bacteria	Firmicutes	Bacilli	Lactobacillales	Enterococcaceae	Enterococcus_B	Enterococcus faecalis	6.696521199076747e-4	7.890586211281038e-5	6.696521199076747e-4	7.833419208362563e-5	257.6666666666667
C2	0	Bacteria	Firmicutes	Bacilli	Lactobacillales	Lactobacillaceae	Limosilactobacillus	Lactobacillus fermentum	0.0018920894532943003	9.054099937973628e-4	0.0018920894532943003	9.020746131283249e-4	843.6666666666666
C2	0	Bacteria	Firmicutes	Bacilli	Lactobacillales	Streptococcaceae	Streptococcus	Streptococcus salivarius	0.21918284395417492	0.1474713064381108	0.21918284395417492	0.1469677466578786	99737
C2	0	Bacteria	Firmicutes_A	Clostridia	Clostridiales	Clostridiaceae	Clostridium_P	Clostridium perfringens	0.0070093379434666946	0.006182304890246385	0.0070093379434666946	0.006163710511159226	3442.6666666666665
C2	0	Bacteria	Firmicutes_A	Clostridia	Lachnospirales	Lachnospiraceae	Bariatricus	Coprococcus comes	0.0074400753052882565	0.006850315380861449	0.0074400753052882565	0.006846006220378188	1807
C2	0	Bacteria	Firmicutes_A	Clostridia	Lachnospirales	Lachnospiraceae	Dorea	Dorea formicigenerans	0.008508278579101221	0.007299363067452742	0.008508278579101221	0.007275993223278486	3864.3333333333335
C2	0	Bacteria	Firmicutes_A	Clostridia	Lachnospirales	Lachnospiraceae	Enterocloster	Enterocloster bolteae	0.003336100187107294	0.003705152256021434	0.003336100187107294	0.003697915283206844	1504.3333333333333
C2	0	Bacteria	Firmicutes_A	Clostridia	Lachnospirales	Lachnospiraceae	Ruminococcus_B	Meditirraneibacter gnavus	0.0027056857707414366	0.0013097110956744778	0.0027056857707414366	0.001309108076681453	871.3333333333334
C2	0	Bacteria	Proteobacteria	Gammaproteobacteria	Enterobacterales	Enterobacteriaceae	Escherichia	Escherichia coli	0.09421326356078132	0.050478455015275384	0.09421326356078132	0.05047279921057796	28619.333333333332
C2	24	Bacteria	Bacteroidota	Bacteroidia	Bacteroidales	Bacteroidaceae	Bacteroides	Bacteroides fragilis	0.00947931299582593	0.011121242864455321	0.007725795802232626	0.00857065397322495	4459.666666666667
C2	24	Bacteria	Bacteroidota	Bacteroidia	Bacteroidales	Bacteroidaceae	Bacteroides	Bacteroides thetaiotaomicron	0.004964805466181507	0.0070769553444003765	0.0040183582038084715	0.005471009176766003	2111.3333333333335
C2	24	Bacteria	Firmicutes	Bacilli	Erysipelotrichales	Erysipelatoclostridiaceae	Erysipelatoclostridium	Erysipelatoclostridium ramosum	1.0085137546193381	0.14551903551320344	0.8886161677823969	0.04038501184866151	423975.6666666667
C2	24	Bacteria	Firmicutes	Bacilli	Lactobacillales	Enterococcaceae	Enterococcus_B	Enterococcus faecalis	6.980752468677547e-4	9.648848462599127e-6	6.221497717360619e-4	7.657949257022484e-5	283
C2	24	Bacteria	Firmicutes	Bacilli	Lactobacillales	Lactobacillaceae	Limosilactobacillus	Lactobacillus fermentum	0.0030810372289771892	0.0021840798243928754	0.002599072203447702	0.0016143656957059824	1435.6666666666667
C2	24	Bacteria	Firmicutes	Bacilli	Lactobacillales	Streptococcaceae	Streptococcus	Streptococcus salivarius	0.001578664687508118	0.0012315508170964089	0.0014051587062887403	0.001109014761303096	784
C2	24	Bacteria	Firmicutes_A	Clostridia	Clostridiales	Clostridiaceae	Clostridium_P	Clostridium perfringens	0.006151412960807465	0.005570529080213906	0.00532568127179926	0.004982869736480626	3280
C2	24	Bacteria	Firmicutes_A	Clostridia	Lachnospirales	Lachnospiraceae	Bariatricus	Coprococcus comes	0.004641407459612139	0.00335696982126374	0.004276283906971435	0.0034960372308030546	1397.6666666666667
C2	24	Bacteria	Firmicutes_A	Clostridia	Lachnospirales	Lachnospiraceae	Dorea	Dorea formicigenerans	0.0038057285505679805	0.004191995867082297	0.0034136079631132835	0.0037571993492783594	1996.6666666666667
C2	24	Bacteria	Firmicutes_A	Clostridia	Lachnospirales	Lachnospiraceae	Enterocloster	Enterocloster bolteae	0.0020490061575996876	0.0026049948458370348	0.0016656100052840966	0.00200022813935536	918.3333333333334
C2	24	Bacteria	Firmicutes_A	Clostridia	Lachnospirales	Lachnospiraceae	Ruminococcus_B	Meditirraneibacter gnavus	0.0029333255364085414	8.272669097490541e-4	0.0025593893963522336	4.2183029413671313e-4	1231.3333333333333
C2	24	Bacteria	Proteobacteria	Gammaproteobacteria	Enterobacterales	Enterobacteriaceae	Escherichia	Escherichia coli	0.08765923107002273	0.04873369235686673	0.08037179719001687	0.052683211852904824	28588.666666666668
C2	30	Bacteria	Bacteroidota	Bacteroidia	Bacteroidales	Bacteroidaceae	Bacteroides	Bacteroides fragilis	0.005085247428201187	0.0058323187753847264	0.005861606505870298	0.005379833230690564	3480
C2	30	Bacteria	Bacteroidota	Bacteroidia	Bacteroidales	Bacteroidaceae	Bacteroides	Bacteroides thetaiotaomicron	0.0015939771848644708	0.0019639596012712246	0.001798459979992855	0.0017301835583141657	930.3333333333334
C2	30	Bacteria	Firmicutes	Bacilli	Erysipelotrichales	Erysipelatoclostridiaceae	Erysipelatoclostridium	Erysipelatoclostridium ramosum	0.646013165226505	0.22888389827570724	0.8909534272118844	0.004062940184066052	393529
C2	30	Bacteria	Firmicutes	Bacilli	Lactobacillales	Enterococcaceae	Enterococcus_B	Enterococcus faecalis	4.826580804372195e-4	1.4872887251888238e-4	6.765358085796546e-4	1.1663012541725906e-4	278.3333333333333
C2	30	Bacteria	Firmicutes	Bacilli	Lactobacillales	Lactobacillaceae	Limosilactobacillus	Lactobacillus fermentum	0.0024388885371437537	0.0018556628512632928	0.0033505299384488786	0.0028408982015924126	1906
C2	30	Bacteria	Firmicutes	Bacilli	Lactobacillales	Streptococcaceae	Streptococcus	Streptococcus salivarius	6.339207456092901e-4	1.306922485658443e-4	9.222650113908786e-4	2.897533268407332e-4	354.6666666666667
C2	30	Bacteria	Firmicutes_A	Clostridia	Clostridiales	Clostridiaceae	Clostridium_P	Clostridium perfringens	0.0013966715848173243	7.369302942966329e-4	0.0018787642733281394	6.546166533866176e-4	945.3333333333334
C2	30	Bacteria	Firmicutes_A	Clostridia	Lachnospirales	Lachnospiraceae	Bariatricus	Coprococcus comes	0.0013863272163469713	9.461348339395203e-4	0.001812345803609817	8.199703425423917e-4	745.6666666666666
C2	30	Bacteria	Firmicutes_A	Clostridia	Lachnospirales	Lachnospiraceae	Dorea	Dorea formicigenerans	0.0011362495634457247	3.3252584951515854e-4	0.0016734435797981873	7.075876919368666e-4	770
C2	30	Bacteria	Firmicutes_A	Clostridia	Lachnospirales	Lachnospiraceae	Enterocloster	Enterocloster bolteae	0.001245886494450724	3.5176806130440445e-4	0.001753340362411508	2.7984776837208775e-4	724
C2	30	Bacteria	Firmicutes_A	Clostridia	Lachnospirales	Lachnospiraceae	Ruminococcus_B	Meditirraneibacter gnavus	9.673677045739825e-4	7.159431294645617e-4	0.0012265428267373567	4.605882107209744e-4	582.6666666666666
C2	30	Bacteria	Proteobacteria	Gammaproteobacteria	Enterobacterales	Enterobacteriaceae	Escherichia	Escherichia coli	0.06513199352358064	0.01752926989576453	0.09144326863639692	0.006845020728019682	39602.333333333336
C2	40	Bacteria	Bacteroidota	Bacteroidia	Bacteroidales	Bacteroidaceae	Bacteroides	Bacteroides fragilis	7.208879523209935e-4	8.305401726963845e-4	0.0026817731497049153	0.0015893617095238091	1149.6666666666667
C2	40	Bacteria	Bacteroidota	Bacteroidia	Bacteroidales	Bacteroidaceae	Bacteroides	Bacteroides thetaiotaomicron	3.9420735293994906e-4	2.7725392747116767e-4	0.0022613097349493765	0.0022041229915612456	594.3333333333334
C2	40	Bacteria	Firmicutes	Bacilli	Erysipelotrichales	Erysipelatoclostridiaceae	Erysipelatoclostridium	Erysipelatoclostridium ramosum	0.18021124860762214	0.12045905055371225	0.7784693814915058	0.15227919488221683	349660.3333333333
C2	40	Bacteria	Firmicutes	Bacilli	Lactobacillales	Enterococcaceae	Enterococcus_B	Enterococcus faecalis	1.7168220327688948e-4	1.1243702721877958e-4	7.532575858946815e-4	6.16460426629571e-5	323.6666666666667
C2	40	Bacteria	Firmicutes	Bacilli	Lactobacillales	Lactobacillaceae	Limosilactobacillus	Lactobacillus fermentum	0.014462487415077437	0.015565486333121825	0.05561853252008289	0.027820406509820966	23451
C2	40	Bacteria	Firmicutes	Bacilli	Lactobacillales	Streptococcaceae	Streptococcus	Streptococcus salivarius	2.1782797296993625e-4	1.3353540599990384e-4	9.826215481046983e-4	5.5562865325741076e-5	403.3333333333333
C2	40	Bacteria	Firmicutes_A	Clostridia	Clostridiales	Clostridiaceae	Clostridium_P	Clostridium perfringens	4.601592818789046e-4	4.2963698511729156e-4	0.0018953313283457283	6.955419515367492e-4	760.3333333333334
C2	40	Bacteria	Firmicutes_A	Clostridia	Lachnospirales	Lachnospiraceae	Bariatricus	Coprococcus comes	0.0011954361343074862	9.728307983905007e-4	0.005554330147326516	0.0030926661634720918	1876.6666666666667
C2	40	Bacteria	Firmicutes_A	Clostridia	Lachnospirales	Lachnospiraceae	Dorea	Dorea formicigenerans	2.2100144343572303e-4	1.4294792855380086e-4	9.949420526546274e-4	1.2973293403381627e-4	399
C2	40	Bacteria	Firmicutes_A	Clostridia	Lachnospirales	Lachnospiraceae	Enterocloster	Enterocloster bolteae	4.1598649817222756e-4	2.84207594939416e-4	0.0019452674335784985	7.620435688355945e-4	699
C2	40	Bacteria	Firmicutes_A	Clostridia	Lachnospirales	Lachnospiraceae	Ruminococcus_B	Meditirraneibacter gnavus	0.0012996440800118036	8.923316992048523e-4	0.006785682234762364	0.005183705459825246	2016.3333333333333
C2	40	Bacteria	Proteobacteria	Gammaproteobacteria	Enterobacterales	Enterobacteriaceae	Escherichia	Escherichia coli	0.03423313308048444	0.012287079907215288	0.19767610329317278	0.14714107598237292	59945.333333333336
C3	Zn	Bacteria	Bacteroidota	Bacteroidia	Bacteroidales	Bacteroidaceae	Bacteroides	Bacteroides fragilis	0.010167284216470061	0.01272839308224495	0.008314315930891738	0.010609124872567328	4349.333333333333
C3	Zn	Bacteria	Bacteroidota	Bacteroidia	Bacteroidales	Bacteroidaceae	Bacteroides	Bacteroides thetaiotaomicron	0.007637144599787189	0.007631114178604321	0.006048141288283135	0.0064100800842960435	2572.3333333333335
C3	Zn	Bacteria	Firmicutes	Bacilli	Erysipelotrichales	Erysipelatoclostridiaceae	Erysipelatoclostridium	Erysipelatoclostridium ramosum	1.0556600023413347	0.143256541630459	0.8062542617410823	0.09039371066663213	320367
C3	Zn	Bacteria	Firmicutes	Bacilli	Lactobacillales	Enterococcaceae	Enterococcus_B	Enterococcus faecalis	0.004356390423178864	0.0015498636726653135	0.0033692575647561586	0.0012846410135425343	1496.6666666666667
C3	Zn	Bacteria	Firmicutes	Bacilli	Lactobacillales	Lactobacillaceae	Limosilactobacillus	Lactobacillus fermentum	0.003400900973857123	0.0023963932195074544	0.0027112671524619335	0.0020754137594235274	1306.3333333333333
C3	Zn	Bacteria	Firmicutes	Bacilli	Lactobacillales	Streptococcaceae	Streptococcus	Streptococcus salivarius	0.07588854779149806	0.04117994244069078	0.060080280602319465	0.036025806186001666	28839
C3	Zn	Bacteria	Firmicutes_A	Clostridia	Clostridiales	Clostridiaceae	Clostridium_P	Clostridium perfringens	0.005077709473883863	0.007068185581668477	0.0036264620417413257	0.004865588013422196	587.6666666666666
C3	Zn	Bacteria	Firmicutes_A	Clostridia	Lachnospirales	Lachnospiraceae	Bariatricus	Coprococcus comes	0.03765292908471751	0.038942510692716745	0.027821777950868383	0.027118947708189334	6882.333333333333
C3	Zn	Bacteria	Firmicutes_A	Clostridia	Lachnospirales	Lachnospiraceae	Dorea	Dorea formicigenerans	0.042360939336368295	0.023256042312835203	0.03185358684566722	0.015450212354407952	10221
C3	Zn	Bacteria	Firmicutes_A	Clostridia	Lachnospirales	Lachnospiraceae	Enterocloster	Enterocloster bolteae	0.005913265538499121	0.003570522563259218	0.004568148598326051	0.002923558523992191	1730.3333333333333
C3	Zn	Bacteria	Firmicutes_A	Clostridia	Lachnospirales	Lachnospiraceae	Ruminococcus_B	Meditirraneibacter gnavus	0.003229377610891021	0.004093258160706413	0.002305407396762567	0.0028105849296376317	424.3333333333333
C3	Zn	Bacteria	Proteobacteria	Gammaproteobacteria	Enterobacterales	Enterobacteriaceae	Escherichia	Escherichia coli	0.06163038263736968	0.06084769628942079	0.04575836003930169	0.0426793152352031	11905
C3	0	Bacteria	Bacteroidota	Bacteroidia	Bacteroidales	Bacteroidaceae	Bacteroides	Bacteroides fragilis	0.009539326775233099	0.012518858766158589	0.009539326775233099	0.012447210777671172	4674.333333333333
C3	0	Bacteria	Bacteroidota	Bacteroidia	Bacteroidales	Bacteroidaceae	Bacteroides	Bacteroides thetaiotaomicron	0.005851576569577645	0.007754737834016612	0.005851576569577645	0.0077093031091922315	2917
C3	0	Bacteria	Firmicutes	Bacilli	Erysipelotrichales	Erysipelatoclostridiaceae	Erysipelatoclostridium	Erysipelatoclostridium ramosum	0.6197391415549713	0.13643427024183016	0.6197391415549713	0.13649658248533234	307737.3333333333
C3	0	Bacteria	Firmicutes	Bacilli	Lactobacillales	Enterococcaceae	Enterococcus_B	Enterococcus faecalis	0.005154846020161947	0.0036189928018157225	0.005154846020161947	0.003605805408060861	2449.3333333333335
C3	0	Bacteria	Firmicutes	Bacilli	Lactobacillales	Lactobacillaceae	Limosilactobacillus	Lactobacillus fermentum	0.003261684146040493	0.002360180688351648	0.003261684146040493	0.002345500144537902	1576
C3	0	Bacteria	Firmicutes	Bacilli	Lactobacillales	Streptococcaceae	Streptococcus	Streptococcus salivarius	0.24768474168563376	0.1816789153917813	0.24768474168563376	0.18101097000921632	117392
C3	0	Bacteria	Firmicutes_A	Clostridia	Clostridiales	Clostridiaceae	Clostridium_P	Clostridium perfringens	0.006396302004779227	0.004502636261143615	0.006396302004779227	0.004482552503895156	3042.6666666666665
C3	0	Bacteria	Firmicutes_A	Clostridia	Lachnospirales	Lachnospiraceae	Bariatricus	Coprococcus comes	0.00512444172915076	0.006201768266189345	0.00512444172915076	0.006199971687473903	2639.6666666666665
C3	0	Bacteria	Firmicutes_A	Clostridia	Lachnospirales	Lachnospiraceae	Dorea	Dorea formicigenerans	0.008479668937626835	0.00627141552757597	0.008479668937626835	0.0062490143365779155	4026
C3	0	Bacteria	Firmicutes_A	Clostridia	Lachnospirales	Lachnospiraceae	Enterocloster	Enterocloster bolteae	0.0026389321759175107	0.0032916513427677387	0.0026389321759175107	0.0032723302948922625	1297.6666666666667
C3	0	Bacteria	Firmicutes_A	Clostridia	Lachnospirales	Lachnospiraceae	Ruminococcus_B	Meditirraneibacter gnavus	0.0022141443516367288	2.5601588448827457e-4	0.0022141443516367288	2.5940754876958757e-4	1087.6666666666667
C3	0	Bacteria	Proteobacteria	Gammaproteobacteria	Enterobacterales	Enterobacteriaceae	Escherichia	Escherichia coli	0.0871768781953111	0.053949871108791514	0.0871768781953111	0.05398211001092772	44094.333333333336
C3	24	Bacteria	Bacteroidota	Bacteroidia	Bacteroidales	Bacteroidaceae	Bacteroides	Bacteroides fragilis	0.013700231411960995	0.01713505068476145	0.010526725810308618	0.012524397129931265	4867
C3	24	Bacteria	Bacteroidota	Bacteroidia	Bacteroidales	Bacteroidaceae	Bacteroides	Bacteroides thetaiotaomicron	0.007300229050156224	0.01083401450707268	0.005586297818444316	0.007934028289914912	2787.6666666666665
C3	24	Bacteria	Firmicutes	Bacilli	Erysipelotrichales	Erysipelatoclostridiaceae	Erysipelatoclostridium	Erysipelatoclostridium ramosum	1.0501608013262707	0.13632463093100664	0.8779402932758885	0.03171181785927717	359732.3333333333
C3	24	Bacteria	Firmicutes	Bacilli	Lactobacillales	Enterococcaceae	Enterococcus_B	Enterococcus faecalis	0.007500205052161423	0.006774213313028378	0.0062545971998917566	0.00565470163830824	2108.6666666666665
C3	24	Bacteria	Firmicutes	Bacilli	Lactobacillales	Lactobacillaceae	Limosilactobacillus	Lactobacillus fermentum	0.006493419301078563	0.006798333623150437	0.005055352957668186	0.0049172252336128295	2249.6666666666665
C3	24	Bacteria	Firmicutes	Bacilli	Lactobacillales	Streptococcaceae	Streptococcus	Streptococcus salivarius	0.0014256922558271456	9.63721578915152e-4	0.0011939609697750883	8.021014843539968e-4	424.6666666666667
C3	24	Bacteria	Firmicutes_A	Clostridia	Clostridiales	Clostridiaceae	Clostridium_P	Clostridium perfringens	0.005074601941104658	0.006770558782822629	0.004230162448816596	0.005668034332345026	1271
C3	24	Bacteria	Firmicutes_A	Clostridia	Lachnospirales	Lachnospiraceae	Bariatricus	Coprococcus comes	0.0024245407389389124	8.025131352304096e-5	0.002052327389783686	3.1296360623305874e-4	842
C3	24	Bacteria	Firmicutes_A	Clostridia	Lachnospirales	Lachnospiraceae	Dorea	Dorea formicigenerans	0.001955558946070292	0.00217619765201488	0.001649943746883264	0.0018125773534116531	525.3333333333334
C3	24	Bacteria	Firmicutes_A	Clostridia	Lachnospirales	Lachnospiraceae	Enterocloster	Enterocloster bolteae	0.004825588774244002	0.0048315445361736655	0.00384246972552354	0.0034316850822933946	1830
C3	24	Bacteria	Firmicutes_A	Clostridia	Lachnospirales	Lachnospiraceae	Ruminococcus_B	Meditirraneibacter gnavus	0.001984374726821711	0.0014057723155178692	0.0015859249776684068	9.590347014045586e-4	682.6666666666666
C3	24	Bacteria	Proteobacteria	Gammaproteobacteria	Enterobacterales	Enterobacteriaceae	Escherichia	Escherichia coli	0.09872948065835296	0.04503013589611509	0.08513729663701618	0.047136498067511044	37378
C3	30	Bacteria	Bacteroidota	Bacteroidia	Bacteroidales	Bacteroidaceae	Bacteroides	Bacteroides fragilis	0.0055517903893960874	0.005801402589857375	0.005888297354216251	0.005103696135859604	2689
C3	30	Bacteria	Bacteroidota	Bacteroidia	Bacteroidales	Bacteroidaceae	Bacteroides	Bacteroides thetaiotaomicron	0.0017026889611775095	0.002036650269860507	0.0018408902950036291	0.0016716412343433708	1014.3333333333334
C3	30	Bacteria	Firmicutes	Bacilli	Erysipelotrichales	Erysipelatoclostridiaceae	Erysipelatoclostridium	Erysipelatoclostridium ramosum	0.6916526890060082	0.25283063350980617	0.8787359979496253	0.011982128317984302	410676.6666666667
C3	30	Bacteria	Firmicutes	Bacilli	Lactobacillales	Enterococcaceae	Enterococcus_B	Enterococcus faecalis	0.009648223242030872	0.010900607373929033	0.012483273250156584	0.014814262296421939	3613.6666666666665
C3	30	Bacteria	Firmicutes	Bacilli	Lactobacillales	Lactobacillaceae	Limosilactobacillus	Lactobacillus fermentum	0.005471493665343482	0.005560464760865576	0.005833747882506642	0.004979851702693387	2607
C3	30	Bacteria	Firmicutes	Bacilli	Lactobacillales	Streptococcaceae	Streptococcus	Streptococcus salivarius	6.106673875041254e-4	2.2240399043009108e-4	7.745237513168585e-4	9.013889817804009e-5	347.6666666666667
C3	30	Bacteria	Firmicutes_A	Clostridia	Clostridiales	Clostridiaceae	Clostridium_P	Clostridium perfringens	9.981339544797693e-4	7.521853030764753e-4	0.001291894724778066	0.0010023300716760007	452.6666666666667
C3	30	Bacteria	Firmicutes_A	Clostridia	Lachnospirales	Lachnospiraceae	Bariatricus	Coprococcus comes	7.407718434690449e-4	2.7181800154041407e-4	0.0010933475173595048	6.412607729708613e-4	495.6666666666667
C3	30	Bacteria	Firmicutes_A	Clostridia	Lachnospirales	Lachnospiraceae	Dorea	Dorea formicigenerans	0.0011442491133962901	7.905682124189399e-4	0.0015870254630194784	0.0010968343219501795	591
C3	30	Bacteria	Firmicutes_A	Clostridia	Lachnospirales	Lachnospiraceae	Enterocloster	Enterocloster bolteae	0.0032493100702174283	0.004142013710669743	0.0033750245820019526	0.003486516561826856	1807
C3	30	Bacteria	Firmicutes_A	Clostridia	Lachnospirales	Lachnospiraceae	Ruminococcus_B	Meditirraneibacter gnavus	5.159552541664541e-4	7.80728540010922e-5	6.921409851359142e-4	1.5535447146891674e-4	314.3333333333333
C3	30	Bacteria	Proteobacteria	Gammaproteobacteria	Enterobacterales	Enterobacteriaceae	Escherichia	Escherichia coli	0.06876748996484999	0.010106181844631112	0.09223758412738639	0.02140736801471747	43791.333333333336
C3	40	Bacteria	Bacteroidota	Bacteroidia	Bacteroidales	Bacteroidaceae	Bacteroides	Bacteroides fragilis	9.965013401545273e-4	7.178801090128661e-4	0.00222487186608298	0.0014430794313866333	807.3333333333334
C3	40	Bacteria	Bacteroidota	Bacteroidia	Bacteroidales	Bacteroidaceae	Bacteroides	Bacteroides thetaiotaomicron	5.133168008630409e-4	2.789673472032573e-4	0.001170336102624011	4.833941843733117e-4	419
C3	40	Bacteria	Firmicutes	Bacilli	Erysipelotrichales	Erysipelatoclostridiaceae	Erysipelatoclostridium	Erysipelatoclostridium ramosum	0.17764096263911203	0.035462897206891594	0.40039282445222907	0.07395444071859053	136293.66666666666
C3	40	Bacteria	Firmicutes	Bacilli	Lactobacillales	Enterococcaceae	Enterococcus_B	Enterococcus faecalis	0.22147029149878228	0.049875070261216695	0.49912464268805257	0.13715766642836055	158608
C3	40	Bacteria	Firmicutes	Bacilli	Lactobacillales	Lactobacillaceae	Limosilactobacillus	Lactobacillus fermentum	0.06375557778434557	0.060395058431812976	0.14749355654887114	0.10555681502252644	52591.333333333336
C3	40	Bacteria	Firmicutes	Bacilli	Lactobacillales	Streptococcaceae	Streptococcus	Streptococcus salivarius	4.661991847176275e-4	6.954682089274499e-5	0.0010564385611749904	6.643091802392561e-5	356.6666666666667
C3	40	Bacteria	Firmicutes_A	Clostridia	Clostridiales	Clostridiaceae	Clostridium_P	Clostridium perfringens	5.437275072283419e-4	3.2678146286897427e-4	0.0012147653333775808	6.619811143693891e-4	430.6666666666667
C3	40	Bacteria	Firmicutes_A	Clostridia	Lachnospirales	Lachnospiraceae	Bariatricus	Coprococcus comes	6.998928626875483e-4	2.2652358963846884e-4	0.0015799592858328044	4.2510278554729107e-4	552.3333333333334
C3	40	Bacteria	Firmicutes_A	Clostridia	Lachnospirales	Lachnospiraceae	Dorea	Dorea formicigenerans	3.988926745807365e-4	8.453928458728687e-5	8.981773525179962e-4	1.8376545887004793e-4	305
C3	40	Bacteria	Firmicutes_A	Clostridia	Lachnospirales	Lachnospiraceae	Enterocloster	Enterocloster bolteae	5.268365706454288e-4	1.3388809830611276e-4	0.0011875187188443979	2.6517539144253077e-4	408.6666666666667
C3	40	Bacteria	Firmicutes_A	Clostridia	Lachnospirales	Lachnospiraceae	Ruminococcus_B	Meditirraneibacter gnavus	4.3867926622273963e-4	4.630743034139773e-4	9.744362583410124e-4	9.277623529513741e-4	369.6666666666667
C3	40	Bacteria	Proteobacteria	Gammaproteobacteria	Enterobacterales	Enterobacteriaceae	Escherichia	Escherichia coli	0.03925422175081372	0.02657844478572677	0.09017602938092263	0.04474057249800835	31666.666666666668
C4	Zn	Bacteria	Bacteroidota	Bacteroidia	Bacteroidales	Bacteroidaceae	Bacteroides	Bacteroides fragilis	0.0124748835576593	0.016319929386675414	0.009043343578745892	0.012081506848649566	4787.333333333333
C4	Zn	Bacteria	Bacteroidota	Bacteroidia	Bacteroidales	Bacteroidaceae	Bacteroides	Bacteroides thetaiotaomicron	0.010419893465446854	0.009865937672851849	0.007065070919111614	0.00738226008207535	3053.6666666666665
C4	Zn	Bacteria	Firmicutes	Bacilli	Erysipelotrichales	Erysipelatoclostridiaceae	Erysipelatoclostridium	Erysipelatoclostridium ramosum	1.2598434303401165	0.24454698294845797	0.8221574283056731	0.08211642047814019	293372.3333333333
C4	Zn	Bacteria	Firmicutes	Bacilli	Lactobacillales	Enterococcaceae	Enterococcus_B	Enterococcus faecalis	0.00487087688752226	0.0012896482503220324	0.003263729252355504	0.001104600203061222	1290.6666666666667
C4	Zn	Bacteria	Firmicutes	Bacilli	Lactobacillales	Lactobacillaceae	Limosilactobacillus	Lactobacillus fermentum	0.004056977925267126	0.0016010166882739149	0.00273851026682711	0.0012676988527435865	1109.3333333333333
C4	Zn	Bacteria	Firmicutes	Bacilli	Lactobacillales	Streptococcaceae	Streptococcus	Streptococcus salivarius	0.0704016012608582	0.050348793236110655	0.04920980304648748	0.03950527448794972	23143
C4	Zn	Bacteria	Firmicutes_A	Clostridia	Clostridiales	Clostridiaceae	Clostridium_P	Clostridium perfringens	0.030411776225000037	0.009737185190621939	0.019745184206280648	0.0052698165430046864	6839
C4	Zn	Bacteria	Firmicutes_A	Clostridia	Lachnospirales	Lachnospiraceae	Bariatricus	Coprococcus comes	0.04903831970708909	0.04817612396218734	0.030081523286905297	0.026672018885030124	8052.333333333333
C4	Zn	Bacteria	Firmicutes_A	Clostridia	Lachnospirales	Lachnospiraceae	Dorea	Dorea formicigenerans	0.07134450253057231	0.03603171846486593	0.046258424035647366	0.022247853498877986	16438
C4	Zn	Bacteria	Firmicutes_A	Clostridia	Lachnospirales	Lachnospiraceae	Enterocloster	Enterocloster bolteae	0.006474978195087599	0.00380676439781912	0.004219205772235545	0.002527725674635324	1540.3333333333333
C4	Zn	Bacteria	Firmicutes_A	Clostridia	Lachnospirales	Lachnospiraceae	Ruminococcus_B	Meditirraneibacter gnavus	0.011844660198468337	0.009627293115987767	0.007343482996119146	0.005081472816811746	2076.3333333333335
C4	Zn	Bacteria	Proteobacteria	Gammaproteobacteria	Enterobacterales	Enterobacteriaceae	Escherichia	Escherichia coli	0.002495245298017756	6.937901040303385e-4	0.0016128046004384455	1.9355592128248453e-4	554.6666666666666
C4	0	Bacteria	Bacteroidota	Bacteroidia	Bacteroidales	Bacteroidaceae	Bacteroides	Bacteroides fragilis	0.010562614833197218	0.010361811956886501	0.010562614833197218	0.010327600296948384	4105.666666666667
C4	0	Bacteria	Bacteroidota	Bacteroidia	Bacteroidales	Bacteroidaceae	Bacteroides	Bacteroides thetaiotaomicron	0.006893837189177037	0.00927470228396269	0.006893837189177037	0.009243653557741899	3068.3333333333335
C4	0	Bacteria	Firmicutes	Bacilli	Erysipelotrichales	Erysipelatoclostridiaceae	Erysipelatoclostridium	Erysipelatoclostridium ramosum	0.8111900846890278	0.11244861773096734	0.8111900846890278	0.11199186811239618	191495.66666666666
C4	0	Bacteria	Firmicutes	Bacilli	Lactobacillales	Enterococcaceae	Enterococcus_B	Enterococcus faecalis	0.008465185288057533	0.010034843559872601	0.008465185288057533	0.009943149935757947	1724.6666666666667
C4	0	Bacteria	Firmicutes	Bacilli	Lactobacillales	Lactobacillaceae	Limosilactobacillus	Lactobacillus fermentum	0.004137500729239436	0.003861251830308039	0.004137500729239436	0.003825528231609907	1044.3333333333333
C4	0	Bacteria	Firmicutes	Bacilli	Lactobacillales	Streptococcaceae	Streptococcus	Streptococcus salivarius	0.11330721967860861	0.09943525344548278	0.11330721967860861	0.09912769245483029	42058.333333333336
C4	0	Bacteria	Firmicutes_A	Clostridia	Clostridiales	Clostridiaceae	Clostridium_P	Clostridium perfringens	0.015902716754164242	0.012734573295437712	0.015902716754164242	0.012662751403215362	5296.666666666667
C4	0	Bacteria	Firmicutes_A	Clostridia	Lachnospirales	Lachnospiraceae	Bariatricus	Coprococcus comes	0.007354362147100094	0.003689971648885232	0.007354362147100094	0.003701834311549337	1780.6666666666667
C4	0	Bacteria	Firmicutes_A	Clostridia	Lachnospirales	Lachnospiraceae	Dorea	Dorea formicigenerans	0.015562077999923669	0.017833173655377815	0.015562077999923669	0.01766832533390361	3198
C4	0	Bacteria	Firmicutes_A	Clostridia	Lachnospirales	Lachnospiraceae	Enterocloster	Enterocloster bolteae	0.003485312042878412	0.002404221348353485	0.003485312042878412	0.0023843828382980243	1031.6666666666667
C4	0	Bacteria	Firmicutes_A	Clostridia	Lachnospirales	Lachnospiraceae	Ruminococcus_B	Meditirraneibacter gnavus	0.005286559371387641	0.0021184587460930924	0.005286559371387641	0.002111911423265502	1655
C4	0	Bacteria	Proteobacteria	Gammaproteobacteria	Enterobacterales	Enterobacteriaceae	Escherichia	Escherichia coli	0.001990030006477771	5.35563310658578e-4	0.001990030006477771	5.283448291418669e-4	445
C4	24	Bacteria	Bacteroidota	Bacteroidia	Bacteroidales	Bacteroidaceae	Bacteroides	Bacteroides fragilis	0.017913974860904402	0.0233971227308177	0.011825718978251779	0.013842950276117327	6040.333333333333
C4	24	Bacteria	Bacteroidota	Bacteroidia	Bacteroidales	Bacteroidaceae	Bacteroides	Bacteroides thetaiotaomicron	0.011200422255654175	0.017184604466364075	0.007241990997990561	0.010232935007884596	3907
C4	24	Bacteria	Firmicutes	Bacilli	Erysipelotrichales	Erysipelatoclostridiaceae	Erysipelatoclostridium	Erysipelatoclostridium ramosum	1.1549107738008322	0.30320682641352487	0.9417499021887251	0.03573617850179655	292956
C4	24	Bacteria	Firmicutes	Bacilli	Lactobacillales	Enterococcaceae	Enterococcus_B	Enterococcus faecalis	0.015369184789334639	0.015820983708600828	0.012834360049382402	0.013601988766798447	3516
C4	24	Bacteria	Firmicutes	Bacilli	Lactobacillales	Lactobacillaceae	Limosilactobacillus	Lactobacillus fermentum	0.006643770226851473	0.006215047830247884	0.0046945664150907646	0.0037146089394029407	2047
C4	24	Bacteria	Firmicutes	Bacilli	Lactobacillales	Streptococcaceae	Streptococcus	Streptococcus salivarius	0.0018006807135983454	0.0014509199224006764	0.0014933848410963024	0.0012461399919853392	423
C4	24	Bacteria	Firmicutes_A	Clostridia	Clostridiales	Clostridiaceae	Clostridium_P	Clostridium perfringens	0.013125641835235194	0.010724280622261103	0.009975861681674875	0.008590016895800969	3582.6666666666665
C4	24	Bacteria	Firmicutes_A	Clostridia	Lachnospirales	Lachnospiraceae	Bariatricus	Coprococcus comes	0.006226115462326864	0.0034520118972523445	0.005071295239847123	0.0024180082212955974	1620.3333333333333
C4	24	Bacteria	Firmicutes_A	Clostridia	Lachnospirales	Lachnospiraceae	Dorea	Dorea formicigenerans	0.00264396301085064	6.539477768439727e-4	0.0021827504224987753	4.377222227856725e-4	649.6666666666666
C4	24	Bacteria	Firmicutes_A	Clostridia	Lachnospirales	Lachnospiraceae	Enterocloster	Enterocloster bolteae	0.005361809062453109	0.005772826795736943	0.0036833201583339366	0.0034008644792759145	1717
C4	24	Bacteria	Firmicutes_A	Clostridia	Lachnospirales	Lachnospiraceae	Ruminococcus_B	Meditirraneibacter gnavus	0.0033624545504696863	0.0035308948918466422	0.002407682660547209	0.001898539223647276	1045.3333333333333
C4	24	Bacteria	Proteobacteria	Gammaproteobacteria	Enterobacterales	Enterobacteriaceae	Escherichia	Escherichia coli	0.001848220193146705	3.161524039754506e-4	0.0015337327816519477	1.9258729256183108e-4	455
C4	30	Bacteria	Bacteroidota	Bacteroidia	Bacteroidales	Bacteroidaceae	Bacteroides	Bacteroides fragilis	0.009443343502458625	0.01207270433720743	0.008965227391519264	0.00861864242713718	5075.333333333333
C4	30	Bacteria	Bacteroidota	Bacteroidia	Bacteroidales	Bacteroidaceae	Bacteroides	Bacteroides thetaiotaomicron	0.002545262642303215	0.0032802977287377777	0.002471287141536538	0.0022241124793735976	1092.6666666666667
C4	30	Bacteria	Firmicutes	Bacilli	Erysipelotrichales	Erysipelatoclostridiaceae	Erysipelatoclostridium	Erysipelatoclostridium ramosum	0.7509398723059051	0.3902255066195386	0.9434494569143297	0.03559128403630763	386391.3333333333
C4	30	Bacteria	Firmicutes	Bacilli	Lactobacillales	Enterococcaceae	Enterococcus_B	Enterococcus faecalis	0.02200395729675145	0.017466178263240137	0.030559604009715857	0.030486470593038988	17046.666666666668
C4	30	Bacteria	Firmicutes	Bacilli	Lactobacillales	Lactobacillaceae	Limosilactobacillus	Lactobacillus fermentum	0.005405352707996885	0.005519773173484524	0.0057082329478116665	0.00419877046924111	3214.3333333333335
C4	30	Bacteria	Firmicutes	Bacilli	Lactobacillales	Streptococcaceae	Streptococcus	Streptococcus salivarius	6.583733727685126e-4	2.32827338830626e-4	8.766179211274756e-4	2.0020492940848913e-4	326
C4	30	Bacteria	Firmicutes_A	Clostridia	Clostridiales	Clostridiaceae	Clostridium_P	Clostridium perfringens	0.0032800030498111293	0.002436261702498102	0.003856681042169735	0.001922260700675512	2000.6666666666667
C4	30	Bacteria	Firmicutes_A	Clostridia	Lachnospirales	Lachnospiraceae	Bariatricus	Coprococcus comes	6.941434651131722e-4	6.50267914699772e-4	0.001272103406634229	0.0012463624454735172	324.3333333333333
C4	30	Bacteria	Firmicutes_A	Clostridia	Lachnospirales	Lachnospiraceae	Dorea	Dorea formicigenerans	0.0017949038843456948	5.508938033423047e-4	0.002432380057914315	7.305341060118861e-4	1049.3333333333333
C4	30	Bacteria	Firmicutes_A	Clostridia	Lachnospirales	Lachnospiraceae	Enterocloster	Enterocloster bolteae	0.004612049427758876	0.006862747186446346	0.004056343518670528	0.004953247442672576	2108
C4	30	Bacteria	Firmicutes_A	Clostridia	Lachnospirales	Lachnospiraceae	Ruminococcus_B	Meditirraneibacter gnavus	7.39498889758378e-4	4.371551121696802e-4	9.140143073633477e-4	1.4409991523526056e-4	360
C4	30	Bacteria	Proteobacteria	Gammaproteobacteria	Enterobacterales	Enterobacteriaceae	Escherichia	Escherichia coli	6.534992274560694e-4	4.7618832732031414e-4	0.001146284289019051	9.556276992244107e-4	345.6666666666667
C4	40	Bacteria	Bacteroidota	Bacteroidia	Bacteroidales	Bacteroidaceae	Bacteroides	Bacteroides fragilis	0.0011058023371611871	5.370428242908355e-4	0.0021188749779662203	0.001412601803350327	390
C4	40	Bacteria	Bacteroidota	Bacteroidia	Bacteroidales	Bacteroidaceae	Bacteroides	Bacteroides thetaiotaomicron	9.296651388778849e-4	5.075229522273902e-4	0.0017294682401104064	8.789687970359099e-4	250.33333333333334
C4	40	Bacteria	Firmicutes	Bacilli	Erysipelotrichales	Erysipelatoclostridiaceae	Erysipelatoclostridium	Erysipelatoclostridium ramosum	0.20503239460400063	0.12456983292702577	0.32675911224064674	0.10266710053932517	54651.666666666664
C4	40	Bacteria	Firmicutes	Bacilli	Lactobacillales	Enterococcaceae	Enterococcus_B	Enterococcus faecalis	0.3870906457777517	0.09853769096111091	0.6596936992975553	0.06525591582138865	101875.66666666667
C4	40	Bacteria	Firmicutes	Bacilli	Lactobacillales	Lactobacillaceae	Limosilactobacillus	Lactobacillus fermentum	0.05377699197589446	0.01868596375506929	0.10071936378060456	0.04374021494167554	15530.333333333334
C4	40	Bacteria	Firmicutes	Bacilli	Lactobacillales	Streptococcaceae	Streptococcus	Streptococcus salivarius	6.396664810419546e-4	2.3326440209271365e-4	0.0010633887700235716	9.343690659071269e-5	171.66666666666666
C4	40	Bacteria	Firmicutes_A	Clostridia	Clostridiales	Clostridiaceae	Clostridium_P	Clostridium perfringens	8.508313252645705e-4	4.688577120296486e-4	0.0013971903799376503	4.33289320960538e-4	240.33333333333334
C4	40	Bacteria	Firmicutes_A	Clostridia	Lachnospirales	Lachnospiraceae	Bariatricus	Coprococcus comes	0.0012778934122251904	4.7337072785430393e-4	0.0021213554273921665	3.7837459861863936e-4	317.3333333333333
C4	40	Bacteria	Firmicutes_A	Clostridia	Lachnospirales	Lachnospiraceae	Dorea	Dorea formicigenerans	6.128167976298645e-4	2.0093524031226497e-4	0.0010767772281356407	3.580698880298624e-4	187
C4	40	Bacteria	Firmicutes_A	Clostridia	Lachnospirales	Lachnospiraceae	Enterocloster	Enterocloster bolteae	5.403244492869525e-4	1.4756107113035109e-4	9.136698372296027e-4	3.918605994502535e-5	143
C4	40	Bacteria	Firmicutes_A	Clostridia	Lachnospirales	Lachnospiraceae	Ruminococcus_B	Meditirraneibacter gnavus	6.851016613205199e-4	3.1856491758296054e-4	0.0011886587120685493	4.767516693390576e-4	211.66666666666666
C4	40	Bacteria	Proteobacteria	Gammaproteobacteria	Enterobacterales	Enterobacteriaceae	Escherichia	Escherichia coli	0.0011624288360646642	3.8410182516355595e-4	0.001937804888934113	8.809059553471133e-5	304.3333333333333
C5	Zn	Bacteria	Bacteroidota	Bacteroidia	Bacteroidales	Bacteroidaceae	Bacteroides	Bacteroides fragilis	0.011065500369758568	0.013774217653934207	0.009488094919268194	0.012057354371504972	4693.333333333333
C5	Zn	Bacteria	Bacteroidota	Bacteroidia	Bacteroidales	Bacteroidaceae	Bacteroides	Bacteroides thetaiotaomicron	0.009110992437953016	0.009612860081630164	0.007948885208957266	0.008375339627180673	3451.6666666666665
C5	Zn	Bacteria	Firmicutes	Bacilli	Erysipelotrichales	Erysipelatoclostridiaceae	Erysipelatoclostridium	Erysipelatoclostridium ramosum	0.9464448546211331	0.1264467737690328	0.8012698359981706	0.05751099554516396	229015.33333333334
C5	Zn	Bacteria	Firmicutes	Bacilli	Lactobacillales	Enterococcaceae	Enterococcus_B	Enterococcus faecalis	8.072126666990051e-4	7.175298928811871e-5	6.845387031476764e-4	1.9808291932452805e-5	203.33333333333334
C5	Zn	Bacteria	Firmicutes	Bacilli	Lactobacillales	Lactobacillaceae	Limosilactobacillus	Lactobacillus fermentum	0.0029639652636412133	0.0019765152000373633	0.002459862033799045	0.0015449616684647996	862
C5	Zn	Bacteria	Firmicutes	Bacilli	Lactobacillales	Streptococcaceae	Streptococcus	Streptococcus salivarius	0.06967058696945434	0.046649787001944686	0.05815822695590367	0.038170522609482345	21977.666666666668
C5	Zn	Bacteria	Firmicutes_A	Clostridia	Clostridiales	Clostridiaceae	Clostridium_P	Clostridium perfringens	0.007229259929041588	0.0052767181727470195	0.006010497078905147	0.0040960618505601395	1270
C5	Zn	Bacteria	Firmicutes_A	Clostridia	Lachnospirales	Lachnospiraceae	Bariatricus	Coprococcus comes	0.02474270931569732	0.018320242293517103	0.021724332881679534	0.016351182644840086	6799.666666666667
C5	Zn	Bacteria	Firmicutes_A	Clostridia	Lachnospirales	Lachnospiraceae	Dorea	Dorea formicigenerans	0.03938960693440366	0.014109661467579243	0.034015888834270994	0.013954261838683438	9281.333333333334
C5	Zn	Bacteria	Firmicutes_A	Clostridia	Lachnospirales	Lachnospiraceae	Enterocloster	Enterocloster bolteae	0.005423725202548198	0.003143284264779345	0.004700205732199134	0.002826872715616356	1680.3333333333333
C5	Zn	Bacteria	Firmicutes_A	Clostridia	Lachnospirales	Lachnospiraceae	Ruminococcus_B	Meditirraneibacter gnavus	0.003583988695654163	0.0030674977893230078	0.003104537436800577	0.0027988640848105044	531
C5	Zn	Bacteria	Proteobacteria	Gammaproteobacteria	Enterobacterales	Enterobacteriaceae	Escherichia	Escherichia coli	0.06074255100006875	0.03323934829556535	0.052894956250697275	0.0310393299661433	14416
C5	0	Bacteria	Bacteroidota	Bacteroidia	Bacteroidales	Bacteroidaceae	Bacteroides	Bacteroides fragilis	0.01024674897003157	0.01279473998150621	0.01024674897003157	0.012769519385389193	5080.666666666667
C5	0	Bacteria	Bacteroidota	Bacteroidia	Bacteroidales	Bacteroidaceae	Bacteroides	Bacteroides thetaiotaomicron	0.006940671873203385	0.008632585401915594	0.006940671873203385	0.008614570528732447	3373
C5	0	Bacteria	Firmicutes	Bacilli	Erysipelotrichales	Erysipelatoclostridiaceae	Erysipelatoclostridium	Erysipelatoclostridium ramosum	0.7261388683415185	0.0592604663064099	0.7261388683415185	0.05970144995498499	222333
C5	0	Bacteria	Firmicutes	Bacilli	Lactobacillales	Enterococcaceae	Enterococcus_B	Enterococcus faecalis	6.522699901936195e-4	2.7686398246779506e-5	6.522699901936195e-4	2.8297107462542845e-5	194.33333333333334
C5	0	Bacteria	Firmicutes	Bacilli	Lactobacillales	Lactobacillaceae	Limosilactobacillus	Lactobacillus fermentum	0.0020722090673791515	0.0010356313387355916	0.0020722090673791515	0.0010313120725301873	644.3333333333334
C5	0	Bacteria	Firmicutes	Bacilli	Lactobacillales	Streptococcaceae	Streptococcus	Streptococcus salivarius	0.1455817039586138	0.10099736877112125	0.1455817039586138	0.10060446541843758	39594.333333333336
C5	0	Bacteria	Firmicutes_A	Clostridia	Clostridiales	Clostridiaceae	Clostridium_P	Clostridium perfringens	0.006503960629908661	0.003927660141449445	0.006503960629908661	0.003914107705355939	2193.6666666666665
C5	0	Bacteria	Firmicutes_A	Clostridia	Lachnospirales	Lachnospiraceae	Bariatricus	Coprococcus comes	0.005120201938939604	0.0029389586911880115	0.005120201938939604	0.0029377684392284677	1506
C5	0	Bacteria	Firmicutes_A	Clostridia	Lachnospirales	Lachnospiraceae	Dorea	Dorea formicigenerans	0.007128024669079214	0.007990747041650884	0.007128024669079214	0.00796396779438129	1861.6666666666667
C5	0	Bacteria	Firmicutes_A	Clostridia	Lachnospirales	Lachnospiraceae	Enterocloster	Enterocloster bolteae	0.002733207155540816	0.002757086316731562	0.002733207155540816	0.00275154108730211	1252.3333333333333
C5	0	Bacteria	Firmicutes_A	Clostridia	Lachnospirales	Lachnospiraceae	Ruminococcus_B	Meditirraneibacter gnavus	0.004007165002481049	0.0012134993119578118	0.004007165002481049	0.0012151788792479608	1160
C5	0	Bacteria	Proteobacteria	Gammaproteobacteria	Enterobacterales	Enterobacteriaceae	Escherichia	Escherichia coli	0.0849471774704897	0.057066523939140266	0.0849471774704897	0.05705050073460263	21399
C5	24	Bacteria	Bacteroidota	Bacteroidia	Bacteroidales	Bacteroidaceae	Bacteroides	Bacteroides fragilis	0.01130824113076863	0.014607484695117039	0.009313000645553168	0.010796597903517382	4083
C5	24	Bacteria	Bacteroidota	Bacteroidia	Bacteroidales	Bacteroidaceae	Bacteroides	Bacteroides thetaiotaomicron	0.0062557411850657565	0.00904824967364203	0.0050229744619784975	0.006761846966234991	2268
C5	24	Bacteria	Firmicutes	Bacilli	Erysipelotrichales	Erysipelatoclostridiaceae	Erysipelatoclostridium	Erysipelatoclostridium ramosum	0.9160058708410092	0.1969557992511541	0.8696411533972641	0.04247387738844599	242740.33333333334
C5	24	Bacteria	Firmicutes	Bacilli	Lactobacillales	Enterococcaceae	Enterococcus_B	Enterococcus faecalis	6.943880724750551e-4	8.013350883102719e-5	6.670832156315839e-4	5.523789863146487e-5	176.66666666666666
C5	24	Bacteria	Firmicutes	Bacilli	Lactobacillales	Lactobacillaceae	Limosilactobacillus	Lactobacillus fermentum	0.0030342295518570074	0.0020299477785755385	0.0027928333047426137	0.001712915157193826	928.3333333333334
C5	24	Bacteria	Firmicutes	Bacilli	Lactobacillales	Streptococcaceae	Streptococcus	Streptococcus salivarius	0.0010137995501452886	1.6024359062163362e-4	9.905660963564732e-4	2.633410943734912e-4	254.33333333333334
C5	24	Bacteria	Firmicutes_A	Clostridia	Clostridiales	Clostridiaceae	Clostridium_P	Clostridium perfringens	0.004380360585923103	0.0037817980986723605	0.004323019068048006	0.004205113549894264	1212.3333333333333
C5	24	Bacteria	Firmicutes_A	Clostridia	Lachnospirales	Lachnospiraceae	Bariatricus	Coprococcus comes	0.004001873708953665	0.001919054037806808	0.0037122044749545516	0.001367797368204154	1061.3333333333333
C5	24	Bacteria	Firmicutes_A	Clostridia	Lachnospirales	Lachnospiraceae	Dorea	Dorea formicigenerans	0.003629493636688532	0.004771998567069419	0.0037940965321815972	0.005242616929450515	910
C5	24	Bacteria	Firmicutes_A	Clostridia	Lachnospirales	Lachnospiraceae	Enterocloster	Enterocloster bolteae	0.0013879010639570818	7.808790079430527e-4	0.0012912077938370208	6.548824494499193e-4	410.6666666666667
C5	24	Bacteria	Firmicutes_A	Clostridia	Lachnospirales	Lachnospiraceae	Ruminococcus_B	Meditirraneibacter gnavus	0.0040865331680208705	0.002664111986766399	0.003670182050531384	0.0016183342330034621	1241
C5	24	Bacteria	Proteobacteria	Gammaproteobacteria	Enterobacterales	Enterobacteriaceae	Escherichia	Escherichia coli	0.09974473190872868	0.05094586248229053	0.09757451226366361	0.058381773633063336	21838.333333333332
C5	30	Bacteria	Bacteroidota	Bacteroidia	Bacteroidales	Bacteroidaceae	Bacteroides	Bacteroides fragilis	0.010737835701439605	0.006748483768910546	0.010098428617053797	0.006145697019157733	5061.5
C5	30	Bacteria	Bacteroidota	Bacteroidia	Bacteroidales	Bacteroidaceae	Bacteroides	Bacteroides thetaiotaomicron	0.0019825948573690016	0.0022479968045584528	0.001857885020904679	0.002071462483537144	1006
C5	30	Bacteria	Firmicutes	Bacilli	Erysipelotrichales	Erysipelatoclostridiaceae	Erysipelatoclostridium	Erysipelatoclostridium ramosum	0.9325506139003363	0.027948031855509207	0.8807253401220583	0.011937542886020263	399769.5
C5	30	Bacteria	Firmicutes	Bacilli	Lactobacillales	Enterococcaceae	Enterococcus_B	Enterococcus faecalis	7.857309638826544e-4	9.124698152047632e-6	7.422819089519814e-4	2.0487234014687737e-5	334.5
C5	30	Bacteria	Firmicutes	Bacilli	Lactobacillales	Lactobacillaceae	Limosilactobacillus	Lactobacillus fermentum	0.01105966943494613	0.002531299407382133	0.01043043831334321	0.0021981917677007926	4898
C5	30	Bacteria	Firmicutes	Bacilli	Lactobacillales	Streptococcaceae	Streptococcus	Streptococcus salivarius	9.229402757006679e-4	2.351232777911175e-5	8.719888112970994e-4	3.6026043263677224e-5	392
C5	30	Bacteria	Firmicutes_A	Clostridia	Clostridiales	Clostridiaceae	Clostridium_P	Clostridium perfringens	0.0017705123143035737	4.44546235551249e-4	0.001675421981954142	4.425445520727827e-4	723.5
C5	30	Bacteria	Firmicutes_A	Clostridia	Lachnospirales	Lachnospiraceae	Bariatricus	Coprococcus comes	9.347411339701869e-4	3.405614381732477e-4	8.807191552676617e-4	3.04163679254716e-4	423
C5	30	Bacteria	Firmicutes_A	Clostridia	Lachnospirales	Lachnospiraceae	Dorea	Dorea formicigenerans	0.0013678410952338896	6.232013985794457e-4	0.0012962346409041326	6.034401280041951e-4	539
C5	30	Bacteria	Firmicutes_A	Clostridia	Lachnospirales	Lachnospiraceae	Enterocloster	Enterocloster bolteae	0.008487451173463615	0.0028842167158176476	0.007998312941445675	0.0025672729878321245	3826
C5	30	Bacteria	Firmicutes_A	Clostridia	Lachnospirales	Lachnospiraceae	Ruminococcus_B	Meditirraneibacter gnavus	0.0010790464934766063	2.2765137538263485e-4	0.0010177832430705647	1.9640914874225542e-4	476.5
C5	30	Bacteria	Proteobacteria	Gammaproteobacteria	Enterobacterales	Enterobacteriaceae	Escherichia	Escherichia coli	0.09810611394338127	0.024414974144887327	0.09283560355709199	0.024318242014889677	40105.5
C5	40	Bacteria	Bacteroidota	Bacteroidia	Bacteroidales	Bacteroidaceae	Bacteroides	Bacteroides fragilis	8.685716846108387e-4	7.955760896330858e-4	0.002308197585416066	8.285010884589417e-4	821
C5	40	Bacteria	Bacteroidota	Bacteroidia	Bacteroidales	Bacteroidaceae	Bacteroides	Bacteroides thetaiotaomicron	2.953404858568466e-4	2.9008936966127267e-4	7.610546622121215e-4	3.089510268481192e-4	274
C5	40	Bacteria	Firmicutes	Bacilli	Erysipelotrichales	Erysipelatoclostridiaceae	Erysipelatoclostridium	Erysipelatoclostridium ramosum	0.2303142731418284	0.1558581225084484	0.5929758952355544	0.18149153098966406	180579
C5	40	Bacteria	Firmicutes	Bacilli	Lactobacillales	Enterococcaceae	Enterococcus_B	Enterococcus faecalis	2.976202122253854e-4	1.7626602678125623e-4	8.621750529700818e-4	1.526111053486282e-4	284
C5	40	Bacteria	Firmicutes	Bacilli	Lactobacillales	Lactobacillaceae	Limosilactobacillus	Lactobacillus fermentum	0.027621406735528667	0.03651888648312805	0.056139542707593006	0.05394382173991258	21506.666666666668
C5	40	Bacteria	Firmicutes	Bacilli	Lactobacillales	Streptococcaceae	Streptococcus	Streptococcus salivarius	3.6921968192352075e-4	2.024108658300241e-4	0.0010747135780794538	0.00016145266604506011	347.6666666666667
C5	40	Bacteria	Firmicutes_A	Clostridia	Clostridiales	Clostridiaceae	Clostridium_P	Clostridium perfringens	3.385476388515344e-4	2.4759073850116566e-4	8.655148782583355e-4	1.697083971464487e-4	279.6666666666667
C5	40	Bacteria	Firmicutes_A	Clostridia	Lachnospirales	Lachnospiraceae	Bariatricus	Coprococcus comes	6.030211191464729e-4	6.11548726647106e-4	0.001518602147919467	6.554327172312673e-4	549
C5	40	Bacteria	Firmicutes_A	Clostridia	Lachnospirales	Lachnospiraceae	Dorea	Dorea formicigenerans	2.5928133340461537e-4	1.3427510385833849e-4	7.505974197069709e-4	1.538858868078974e-4	228
C5	40	Bacteria	Firmicutes_A	Clostridia	Lachnospirales	Lachnospiraceae	Enterocloster	Enterocloster bolteae	3.350186158092378e-4	2.567980070147979e-4	9.007880688797047e-4	1.6915529449301677e-4	306
C5	40	Bacteria	Firmicutes_A	Clostridia	Lachnospirales	Lachnospiraceae	Ruminococcus_B	Meditirraneibacter gnavus	7.779838713484683e-4	2.8469299486747103e-4	0.002618964322317474	0.0013387509858251946	862
C5	40	Bacteria	Proteobacteria	Gammaproteobacteria	Enterobacterales	Enterobacteriaceae	Escherichia	Escherichia coli	0.12184471610596186	0.06486734842299019	0.3953634970486859	0.196053285273294	134090.33333333334
